class_code,subject_code,academic_year,semester,status
F1,ADK,2026/2027,Ganjil,active
F1,AQD,2026/2027,Ganjil,active
F1,BAR,2026/2027,Ganjil,active
F1,BIG,2026/2027,Ganjil,active
F1,BIN,2026/2027,Ganjil,active
F1,BJW,2026/2027,Ganjil,active
F1,FKH,2026/2027,Ganjil,active
F1,IPS,2026/2027,Ganjil,active
F1,MTK,2026/2027,Ganjil,active
F1,PJK,2026/2027,Ganjil,active
F1,PNC,2026/2027,Ganjil,active
F1,SRH,2026/2027,Ganjil,active
F1,SRP,2026/2027,Ganjil,active
K1,ADK,2026/2027,Ganjil,active
K1,AQD,2026/2027,Ganjil,active
K1,BAR,2026/2027,Ganjil,active
K1,BIG,2026/2027,Ganjil,active
K1,BIN,2026/2027,Ganjil,active
K1,BJW,2026/2027,Ganjil,active
K1,FKH,2026/2027,Ganjil,active
K1,IPS,2026/2027,Ganjil,active
K1,MTK,2026/2027,Ganjil,active
K1,PJK,2026/2027,Ganjil,active
K1,PNC,2026/2027,Ganjil,active
K1,SRH,2026/2027,Ganjil,active
K1,SRP,2026/2027,Ganjil,active
A2,ADK,2026/2027,Ganjil,active
A2,AQD,2026/2027,Ganjil,active
A2,BAR,2026/2027,Ganjil,active
A2,BIG,2026/2027,Ganjil,active
A2,BIN,2026/2027,Ganjil,active
A2,BJW,2026/2027,Ganjil,active
A2,FKH,2026/2027,Ganjil,active
A2,IPS,2026/2027,Ganjil,active
A2,MTK,2026/2027,Ganjil,active
A2,PJK,2026/2027,Ganjil,active
A2,PNC,2026/2027,Ganjil,active
A2,SRH,2026/2027,Ganjil,active
A2,SRP,2026/2027,Ganjil,active
U2,ADK,2026/2027,Ganjil,active
U2,AQD,2026/2027,Ganjil,active
U2,BAR,2026/2027,Ganjil,active
U2,BIG,2026/2027,Ganjil,active
U2,BIN,2026/2027,Ganjil,active
U2,BJW,2026/2027,Ganjil,active
U2,FKH,2026/2027,Ganjil,active
U2,IPS,2026/2027,Ganjil,active
U2,MTK,2026/2027,Ganjil,active
U2,PJK,2026/2027,Ganjil,active
U2,PNC,2026/2027,Ganjil,active
U2,SRH,2026/2027,Ganjil,active
U2,SRP,2026/2027,Ganjil,active
H3,ADK,2026/2027,Ganjil,active
H3,AQD,2026/2027,Ganjil,active
H3,BAR,2026/2027,Ganjil,active
H3,BIG,2026/2027,Ganjil,active
H3,BIN,2026/2027,Ganjil,active
H3,BJW,2026/2027,Ganjil,active
H3,FKH,2026/2027,Ganjil,active
H3,IPS,2026/2027,Ganjil,active
H3,MTK,2026/2027,Ganjil,active
H3,PJK,2026/2027,Ganjil,active
H3,PNC,2026/2027,Ganjil,active
H3,SRH,2026/2027,Ganjil,active
H3,SRP,2026/2027,Ganjil,active
U3,ADK,2026/2027,Ganjil,active
U3,AQD,2026/2027,Ganjil,active
U3,BAR,2026/2027,Ganjil,active
U3,BIG,2026/2027,Ganjil,active
U3,BIN,2026/2027,Ganjil,active
U3,BJW,2026/2027,Ganjil,active
U3,FKH,2026/2027,Ganjil,active
U3,IPS,2026/2027,Ganjil,active
U3,MTK,2026/2027,Ganjil,active
U3,PJK,2026/2027,Ganjil,active
U3,PNC,2026/2027,Ganjil,active
U3,SRH,2026/2027,Ganjil,active
U3,SRP,2026/2027,Ganjil,active
S4,ADK,2026/2027,Ganjil,active
S4,AQD,2026/2027,Ganjil,active
S4,BAR,2026/2027,Ganjil,active
S4,BIG,2026/2027,Ganjil,active
S4,BIN,2026/2027,Ganjil,active
S4,BJW,2026/2027,Ganjil,active
S4,FKH,2026/2027,Ganjil,active
S4,IPS,2026/2027,Ganjil,active
S4,MTK,2026/2027,Ganjil,active
S4,PJK,2026/2027,Ganjil,active
S4,PNC,2026/2027,Ganjil,active
S4,SRH,2026/2027,Ganjil,active
S4,SRP,2026/2027,Ganjil,active
Z4,ADK,2026/2027,Ganjil,active
Z4,AQD,2026/2027,Ganjil,active
Z4,BAR,2026/2027,Ganjil,active
Z4,BIG,2026/2027,Ganjil,active
Z4,BIN,2026/2027,Ganjil,active
Z4,BJW,2026/2027,Ganjil,active
Z4,FKH,2026/2027,Ganjil,active
Z4,IPS,2026/2027,Ganjil,active
Z4,MTK,2026/2027,Ganjil,active
Z4,PJK,2026/2027,Ganjil,active
Z4,PNC,2026/2027,Ganjil,active
Z4,SRH,2026/2027,Ganjil,active
Z4,SRP,2026/2027,Ganjil,active
AU5,ADK,2026/2027,Ganjil,active
AU5,AQD,2026/2027,Ganjil,active
AU5,BAR,2026/2027,Ganjil,active
AU5,BIG,2026/2027,Ganjil,active
AU5,BIN,2026/2027,Ganjil,active
AU5,BJW,2026/2027,Ganjil,active
AU5,FKH,2026/2027,Ganjil,active
AU5,IPS,2026/2027,Ganjil,active
AU5,MTK,2026/2027,Ganjil,active
AU5,PJK,2026/2027,Ganjil,active
AU5,PNC,2026/2027,Ganjil,active
AU5,SRH,2026/2027,Ganjil,active
AU5,SRP,2026/2027,Ganjil,active
X5,ADK,2026/2027,Ganjil,active
X5,AQD,2026/2027,Ganjil,active
X5,BAR,2026/2027,Ganjil,active
X5,BIG,2026/2027,Ganjil,active
X5,BIN,2026/2027,Ganjil,active
X5,BJW,2026/2027,Ganjil,active
X5,FKH,2026/2027,Ganjil,active
X5,IPS,2026/2027,Ganjil,active
X5,MTK,2026/2027,Ganjil,active
X5,PJK,2026/2027,Ganjil,active
X5,PNC,2026/2027,Ganjil,active
X5,SRH,2026/2027,Ganjil,active
X5,SRP,2026/2027,Ganjil,active
AB6,ADK,2026/2027,Ganjil,active
AB6,AQD,2026/2027,Ganjil,active
AB6,BAR,2026/2027,Ganjil,active
AB6,BIG,2026/2027,Ganjil,active
AB6,BIN,2026/2027,Ganjil,active
AB6,BJW,2026/2027,Ganjil,active
AB6,FKH,2026/2027,Ganjil,active
AB6,IPS,2026/2027,Ganjil,active
AB6,MTK,2026/2027,Ganjil,active
AB6,PJK,2026/2027,Ganjil,active
AB6,PNC,2026/2027,Ganjil,active
AB6,SRH,2026/2027,Ganjil,active
AB6,SRP,2026/2027,Ganjil,active
