nisn,full_name,birth_date,gender,nik,status,affirmation
3199426524,Adeeva Tsabitah Salsabila,2019-07-01,P,,Aktif,KBM Tapka
3198422794,Aditya Difano Putra,2019-07-01,L,,Aktif,KBM Tapka
3190000001,ANINDITHA KEISHA ZAHRA NASUTION,2018-07-01,P,3322195112190002,Aktif,KBM Tapka
9900000001,Keanu Malik Alfarisi,2018-07-01,L,,Aktif,KBM Tapka
3190357803,MARYAM ZAINUN LATHIFAH,2019-07-01,P,,Aktif,KBM Tapka
3209796373,MUAZARA ARSYILA MARYAM,2020-07-01,P,,Aktif,KBM Tapka
3187424021,Naila Al Fajri,2018-07-01,P,,Aktif,KBM Tapka
3206762228,Ubay Ath Thufail,2020-07-01,L,,Aktif,KBM Tapka
3204503597,Ubay Ubaidirrahman,2020-07-01,L,,Aktif,KBM Tapka
3198092424,Uwais Al-Qorni,2019-07-01,L,,Aktif,Menumpang
3205627755,ZHIAN AL AFKAR EFFENDY,2020-07-01,L,,Aktif,KBM Tapka
9900000002,Afiza Shahia Khairisa,2018-07-01,P,,Aktif,KBM Tapka
9900000003,Ashima Dinillah,2018-07-01,P,,Aktif,KBM Tapka
9900000004,Fawwazi Alfiqh Nugroho,2018-07-01,L,,Aktif,KBM Tapka
3192258152,HARUN MUTIHA RAMADHAN,2019-07-01,L,,Aktif,KBM Tapka
3198281461,Ibrahim Az Zaky,2019-07-01,L,,Aktif,KBM Tapka
3207080339,KAI ALTHAFANDRA KHALEEFA AL RIFAI,2020-07-01,L,,Aktif,KBM Tapka
3203756024,Maryam,2020-07-01,P,,Aktif,KBM Tapka
3205615589,MUHAMMAD FARUQ AL MAKKI,2020-07-01,L,,Aktif,KBM Tapka
9900000005,Shakayla Allana Vitri,2018-07-01,P,,Aktif,KBM Tapka
3209794078,Sumayyah Hafshah Kusuma,2020-07-01,P,,Aktif,KBM Tapka
3183850167,Abimata Zian Nuha,2018-07-01,L,,Aktif,KBM Tapka
3181944199,AHMAD SYAFIQ MUBARAK,2018-07-01,L,,Aktif,KBM Tapka
3181975906,Aisyah Humaira Rachman,2018-07-01,P,,Aktif,KBM Tapka
3189082673,Alesha Aryana Kusuma,2018-07-01,P,,Aktif,KBM Tapka
3186460478,Azizah Sulayyimah,2018-07-01,P,,Aktif,KBM Tapka
3191259074,Faiz Shakeil Ibrahim,2019-07-01,L,,Aktif,KBM Tapka
3187843285,Gamal Mehran Shafiulla,2018-07-01,L,,Aktif,KBM Tapka
3189483631,Keanna Anjani Resyakila,2018-07-01,P,,Aktif,KBM Tapka
3180321112,Mahnaaz Saqina Almaiza,2018-07-01,P,,Aktif,KBM Tapka
3181573542,Muhammad Ghifari Dzakiandra,2018-07-01,L,,Aktif,KBM Tapka
3198259156,Muhammad Hannan Adz Dzakiy,2019-07-01,L,,Aktif,KBM Tapka
3182354015,Muhammad Sufyan,2018-07-01,L,,Aktif,KBM Tapka
3192494309,NUWAIRA AL ZAHSY PRASETYO,2019-07-01,P,,Aktif,KBM Tapka
3190629154,Sayyid Ahmad Bostulen,2019-07-01,L,,Aktif,KBM Tapka
3195013697,Alesha Madinah,2019-07-01,P,,Aktif,KBM Tapka
3184630913,AMMAR AL FATIH,2018-07-01,L,,Aktif,KBM Tapka
3189096433,Ayesha Aulia Haryono,2018-07-01,P,,Aktif,KBM Tapka
3189828549,BAGUS CAIRO UBAIDILLAH,2018-07-01,L,,Aktif,KBM Tapka
3184967547,Hashif Muhammad Al Kautsar,2018-07-01,L,,Aktif,KBM Tapka
3187294976,I NYOMAN HAMIZ IBRAHIM MAHENDRA,2018-07-01,L,,Aktif,KBM Tapka
3199724131,IBRAHIM ATHARIZZ SHAKEEL,2019-07-01,L,,Aktif,KBM Tapka
3181581720,Khadijah Aliyya Putri Nugroho,2018-07-01,P,,Aktif,KBM Tapka
3186803777,Muhammad Yusuf Ibrahim,2018-07-01,L,,Aktif,KBM Tapka
3195941543,Mujahidah Almeera Shavira Rahman,2019-07-01,P,,Aktif,KBM Tapka
3184329435,Ruqayyah Hafizhatul Jannah,2018-07-01,P,,Aktif,KBM Tapka
3199033453,SYAHDA FAWNIA AZZAHRA,2019-07-01,P,,Aktif,KBM Tapka
3199343916,Uwais Al Fatih,2019-07-01,L,,Aktif,KBM Tapka
3188177630,Ahmad Syakir Hanifah,2018-07-01,L,,Aktif,KBM Tapka
3180087712,Aisyah Mecca Uwais Aprias,2018-07-01,P,,Aktif,KBM Tapka
3170944878,Aqila Azkadina Shanum,2017-07-01,P,,Aktif,KBM Tapka
3170797855,ATTALLAH PUTRA ARIFIN,2017-07-01,L,,Aktif,KBM Tapka
3170580345,CHAIRIL GIBRAN IBRAHIM,2017-07-01,L,,Aktif,KBM Tapka
3184753356,Dzakira Latifa,2018-07-01,P,,Aktif,KBM Tapka
3176337594,Muhammad Abdullah Alfarizi,2017-07-01,L,,Aktif,KBM Tapka
3177380785,Muhammad Al Fatih,2017-07-01,L,,Aktif,KBM Tapka
3181636963,Muhammad Hafi Faeyza Izzmu,2018-07-01,L,,Aktif,KBM Tapka
3174092186,Sahla,2017-07-01,P,,Aktif,KBM Tapka
3189680481,Althaf Hafizh Madhani,2018-07-01,L,,Aktif,KBM Tapka
3177324007,Bilfaqih Hamizan,2017-07-01,L,,Aktif,KBM Tapka
3179306797,Hafsha Kamilatunnisa,2017-07-01,P,,Aktif,KBM Tapka
3174708838,Omar Muhammad Yusuf,2017-07-01,L,,Aktif,KBM Tapka
3174470300,QIYARA NAEEMA ASY-SYAFI'IE,2017-07-01,P,,Aktif,KBM Tapka
3183989429,Shofiyah Rizqi Aulia,2018-07-01,P,,Aktif,KBM Tapka
3187886820,SULTAN SYAFIQ ALI,2018-07-01,L,,Aktif,KBM Tapka
3171173559,Zahra,2017-07-01,P,,Aktif,KBM Tapka
3183306186,ZIANDRA YUSUF ARRASYID,2018-07-01,L,,Aktif,KBM Tapka
3172431544,Zyan Abdurrahman Tsaqif,2017-07-01,L,,Aktif,KBM Tapka
9900000006,Adzkia Laila Ihsani,2015-07-01,P,,Aktif,Menumpang
3176367350,Asaduddin Al Faruq Hidayat,2017-07-01,L,,Aktif,KBM Tapka
3168978073,Asma Afifah,2016-07-01,P,,Aktif,Menumpang
3161578050,Assyifatu Hayfa,2016-07-01,P,,Aktif,KBM Tapka
9900000007,Faathimah Az Zahra,2015-07-01,P,,Aktif,Menumpang
3166219023,Fleara Beaziel Maryam,2016-07-01,P,,Aktif,KBM Tapka
3165936846,KHADIJAH TAQIYYAH MUMTAZAH,2016-07-01,P,,Aktif,Menumpang
3164135617,Khanza Humaira,2016-07-01,P,,Aktif,KBM Tapka
3174692041,Lupna Kenza Almaira,2017-07-01,P,,Aktif,KBM Tapka
3162567267,Muhammad Al Fatih,2016-07-01,L,,Aktif,KBM Tapka
3165944580,MUHAMMAD FATHIR MUBAROK,2016-07-01,L,,Aktif,KBM Tapka
3152919872,Muhammad Ghozali,2015-07-01,L,,Aktif,KBM Tapka
3179835828,Muhammad Khalid Abdillah,2017-07-01,L,,Aktif,KBM Tapka
9900000008,Nurazeta Ibrahim Azzaky,2015-07-01,L,,Aktif,KBM Tapka
3168071112,Afiza Nur Fathiyya,2016-07-01,P,,Aktif,KBM Tapka
3176377131,Amri Lintang Permana,2017-07-01,L,,Aktif,KBM Tapka
3172286001,Dzihan Althafarizqi,2017-07-01,L,,Aktif,KBM Tapka
9900000009,Ken Zee Ibrahim Khan,2015-07-01,L,,Aktif,KBM Tapka
9900000010,Muhammad Al Faqiih,2015-07-01,L,,Aktif,Menumpang
3178153607,Muzammil Hasballah Hamir,2017-07-01,L,,Aktif,KBM Tapka
3169013563,NUFAYS ZAID AMRULLAH,2016-07-01,L,,Aktif,KBM Tapka
3173772378,Qaisha Hadida Barka,2017-07-01,P,,Aktif,KBM Tapka
3164223367,RADITYA GIARA AL-ARSY,2016-07-01,L,,Aktif,KBM Tapka
3168139070,SHAKILLA ANNAJIAH AZZAHRA,2016-07-01,P,,Aktif,KBM Tapka
9900000011,Ulwan Adnani,2015-07-01,L,,Aktif,Menumpang
3168774159,Zulqornain Auliaul Karim,2016-07-01,L,,Aktif,KBM Tapka
3169434233,AISYAH HUSNA MUMTAZAH,2016-07-01,P,,Aktif,KBM Tapka
0169005105,AISYAH NURUL AULIA,2016-07-01,P,,Aktif,KBM Tapka
3169335849,ALMIRA QONITA ZARIFA,2016-07-01,P,,Aktif,KBM Tapka
3169565385,ANBIYA ANTASLASIFA,2016-07-01,P,,Aktif,KBM Tapka
3155684253,AZIZAH MUMTAZAH HIDAYAT,2015-07-01,P,,Aktif,KBM Tapka
0166187047,HAFSHAH ZAHRA AULIA,2016-07-01,P,,Aktif,KBM Tapka
3160906715,HUMAIRA QUDSIYAH,2016-07-01,P,,Aktif,KBM Tapka
3168592559,LARAS HATI BUMI,2016-07-01,P,,Aktif,KBM Tapka
3158499212,LATHIFAH ULFAH,2015-07-01,P,,Aktif,KBM Tapka
0164351504,MYESHIA SABRINA SAFI,2016-07-01,P,,Aktif,KBM Tapka
3168236112,NARAHIMA AL KHADIJAH,2016-07-01,P,,Aktif,KBM Tapka
3154504623,SALEEMAH AHLAMINNAH,2015-07-01,P,,Aktif,KBM Tapka
3160160162,SHABINA QUINZHA NEFERTARI WIBOWO,2016-07-01,P,,Aktif,KBM Tapka
0164121212,ABIYASA ZIO ZAHRAN PRASETYO,2016-07-01,L,,Aktif,KBM Tapka
3154424475,AMRAN RAZIQ HANAN,2015-07-01,L,,Aktif,KBM Tapka
3168709574,BILAL,2016-07-01,L,,Aktif,KBM Tapka
3154593583,FADHIL ABDUL AZIZ,2015-07-01,L,,Aktif,KBM Tapka
3155494686,MUHAMMAD,2015-07-01,L,,Aktif,KBM Tapka
3158023077,MUHAMMAD AL FATIH,2015-07-01,L,,Aktif,KBM Tapka
3148619567,MUHAMMAD GHOZY ABDURROHMAN,2014-07-01,L,,Aktif,KBM Tapka
3155098871,MUHAMMAD ZAIDAN DEWANTORO,2015-07-01,L,,Aktif,KBM Tapka
3162822095,RASKHA ATHALLA HERMAWAN,2016-07-01,L,,Aktif,KBM Tapka
3154710920,RAUFA ASYAM MUZAFFAR,2015-07-01,L,,Aktif,KBM Tapka
3156057086,Soka Natha Mahija,2015-07-01,L,,Aktif,KBM Tapka
3152731519,SUFYAN ATTSAURI,2015-07-01,L,,Aktif,KBM Tapka
3167511415,THALHAH ABDURRAHMAN ALPRIAS,2016-07-01,L,,Aktif,KBM Tapka
3147255270,ABDULLOH YUSUF ASH-SHOLAH,2014-07-01,L,,Aktif,Menumpang
0141712507,ABYAN ALHAFIZY HAMIR,2014-07-01,L,,Aktif,KBM Tapka
3148455221,ARIF LUQMANUL HAKIM,2014-07-01,L,,Aktif,KBM Tapka
3151952215,FARID AZWAR AZMI,2015-07-01,L,,Aktif,KBM Tapka
0145968967,ILYAS,2014-07-01,L,,Aktif,KBM Tapka
0131893667,KEYSHA AZZAHRA KUSUMATEJA,2013-07-01,P,,Aktif,KBM Tapka
3158514155,MARYAM AULIAUL KARIM,2015-07-01,P,,Aktif,KBM Tapka
0133134671,MUHAMMAD KENZO AL HANIF,2013-07-01,L,,Aktif,KBM Tapka
0151372625,MUHAMMAD SYAFIQ ABDILLAH,2015-07-01,L,,Aktif,KBM Tapka
3147821323,NAMIRA LAILY AISYA SALSABILA LIYADO,2014-07-01,P,,Aktif,KBM Tapka
3151489627,RIZKY ADITYA MUHAMMAD RAMADHAN,2015-07-01,L,,Aktif,KBM Tapka
0146044325,SAUFA ANINDYA HASANAH,2014-07-01,P,,Aktif,KBM Tapka
3147484867,UMAR AL FARUQ,2014-07-01,L,,Aktif,Menumpang