nisn,class_code
3199426524,1A
3198422794,1A
3190000001,1A
9900000001,1A
3190357803,1A
3209796373,1A
3187424021,1A
3206762228,1A
3204503597,1A
3198092424,1A
3205627755,1A
9900000002,1B
9900000003,1B
9900000004,1B
3192258152,1B
3198281461,1B
3207080339,1B
3203756024,1B
3205615589,1B
9900000005,1B
3209794078,1B
3183850167,2A
3181944199,2A
3181975906,2A
3189082673,2A
3186460478,2A
3191259074,2A
3187843285,2A
3189483631,2A
3180321112,2A
3181573542,2A
3198259156,2A
3182354015,2A
3192494309,2A
3190629154,2A
3195013697,2B
3184630913,2B
3189096433,2B
3189828549,2B
3184967547,2B
3187294976,2B
3199724131,2B
3181581720,2B
3186803777,2B
3195941543,2B
3184329435,2B
3199033453,2B
3199343916,2B
3188177630,3A
3180087712,3A
3170944878,3A
3170797855,3A
3170580345,3A
3184753356,3A
3176337594,3A
3177380785,3A
3181636963,3A
3174092186,3A
3189680481,3B
3177324007,3B
3179306797,3B
3174708838,3B
3174470300,3B
3183989429,3B
3187886820,3B
3171173559,3B
3183306186,3B
3172431544,3B
9900000006,4A
3176367350,4A
3168978073,4A
3161578050,4A
9900000007,4A
3166219023,4A
3165936846,4A
3164135617,4A
3174692041,4A
3162567267,4A
3165944580,4A
3152919872,4A
3179835828,4A
9900000008,4A
3168071112,4B
3176377131,4B
3172286001,4B
9900000009,4B
9900000010,4B
3178153607,4B
3169013563,4B
3173772378,4B
3164223367,4B
3168139070,4B
9900000011,4B
3168774159,4B
3169434233,5AKH
0169005105,5AKH
3169335849,5AKH
3169565385,5AKH
3155684253,5AKH
0166187047,5AKH
3160906715,5AKH
3168592559,5AKH
3158499212,5AKH
0164351504,5AKH
3168236112,5AKH
3154504623,5AKH
3160160162,5AKH
0164121212,5IKH
3154424475,5IKH
3168709574,5IKH
3154593583,5IKH
3155494686,5IKH
3158023077,5IKH
3148619567,5IKH
3155098871,5IKH
3162822095,5IKH
3154710920,5IKH
3156057086,5IKH
3152731519,5IKH
3167511415,5IKH
3147255270,6
0141712507,6
3148455221,6
3151952215,6
0145968967,6
0131893667,6
3158514155,6
0133134671,6
0151372625,6
3147821323,6
3151489627,6
0146044325,6
3147484867,6