full_name,email,username,password,phone,status,gender,position
"Alamsyah Arsyad",alamsyah93506@pendidik.kesetaraan.belajar.id,alamsyah,GuruSiuba2026!,089627799799,Aktif,L,"Tutor / Guru Pengajar"
"Budi Haryawan",budi55405@pendidik.kesetaraan.belajar.id,budi,GuruSiuba2026!,081575032541,Aktif,L,"Tutor / Guru Pengajar"
"Desy Ramadhani",desy.ramadhani135@pendidik.kesetaraan.belajar.id,desy,GuruSiuba2026!,082138517981,Aktif,P,"Tutor / Guru Pengajar"
"Dewi Mualifah",dewi.mualifah48@pendidik.kesetaraan.belajar.id,dewi,GuruSiuba2026!,083836504522,Aktif,P,"Tutor / Guru Pengajar"
"Faris Achmad Kurnia Fajri",faris32344@pendidik.kesetaraan.belajar.id,faris,GuruSiuba2026!,081329022915,Aktif,L,"Tutor / Guru Pengajar"
"Lailatul Qodriyah Kautsari",lailatul81361@pendidik.kesetaraan.belajar.id,lailatul,GuruSiuba2026!,082137162406,Aktif,P,"Tutor / Guru Pengajar"
"Nur Arifuddin",nur94622@pendidik.kesetaraan.belajar.id,nur,GuruSiuba2026!,085712261564,Aktif,L,"Tutor / Guru Pengajar"
"Royani",royani00346@pendidik.kesetaraan.belajar.id,royani,GuruSiuba2026!,087722076962,Aktif,P,"Tutor / Guru Pengajar"
"Rumiyati",rumiyati.214@pendidik.kesetaraan.belajar.id,rumiyati,GuruSiuba2026!,081901663934,Aktif,P,"Tutor / Guru Pengajar"
"Suyatman",suyatman16393@admin.kesetaraan.belajar.id,suyatman,GuruSiuba2026!,085640668884,Aktif,L,"Tutor / Guru Pengajar"
"Tri Joko Suprapto",tri06381@pendidik.kesetaraan.belajar.id,tri,GuruSiuba2026!,085701566435,Aktif,L,"Tutor / Guru Pengajar"
"Ahmad Kamal",ahmad.kamal@pendidik.kesetaraan.belajar.id,ahmad,GuruSiuba2026!,081998089474,Aktif,L,"Tutor / Guru Pengajar"