code,name,description,status
"THD","Tauhid/Akidah","Mata pelajaran Tauhid dan Akidah Islam",Aktif
"AKH","Adab/Akhlak","Mata pelajaran Adab dan Akhlak Islami",Aktif
"FQH","Fiqih","Mata pelajaran Fiqih Ibadah",Aktif
"SRH","Sirah","Mata pelajaran Sirah Nabawiyah dan Sejarah Islam",Aktif
"HDT","Hadits","Mata pelajaran Hadits Pilihan",Aktif
"BIN","Bahasa Indonesia","Mata pelajaran Bahasa Indonesia",Aktif
"MTK","Matematika","Mata pelajaran Matematika",Aktif
"BIG","Bahasa Inggris","Mata pelajaran Bahasa Inggris",Aktif
"BAR","Bahasa Arab","Mata pelajaran Bahasa Arab",Aktif
"IPAS","IPAS","Ilmu Pengetahuan Alam dan Sosial",Aktif
"PKN","Pancasila","Pendidikan Pancasila dan Kewarganegaraan",Aktif
"BJW","Bahasa Jawa","Muatan Lokal Bahasa Jawa",Aktif
"PJOK","PJOK","Pendidikan Jasmani, Olahraga, dan Kesehatan",Aktif
"SNI","Seni","Pendidikan Seni dan Budaya",Aktif